"projectid","title","startdate","projecttype","description"
"PJ0001","testing 1","2025-10-06","API","checking demo 1"
"PJ0002","testing 2","2025-10-01","Frontend","demo 2"
"PJ0003","testing 3","2026-03-19","API","demo 3"
"PJ0004","testing 4","2025-10-30","API","demo 4"
"PJ0009","My First Project","2025-11-04","Automation","Created via WPF"
"PJ0010","demo 11","2025-11-04","API","testing pranav software"
"PJ0011","final demo 1","2026-01-20","API","Description sample"
"PJ0012","sathvik demo","2026-12-23","Frontend","demo1"
"PJ0013","executor","2025-11-01","Automation","test cases"
"PJ0014","Sauce Demo","2025-11-05","	Frontend","Testcases"
